filename,num_pages,num_equations_found,had_encoding_issues
1_CPN-HRL.pdf,22,168,False
s00521-023-09033-7.pdf,19,24,False
s00521-024-10620-5.pdf,32,41,False
s10015-025-01089-z.pdf,11,131,False
s10458-025-09723-7.pdf,28,136,False
s10458-025-09729-1.pdf,25,93,True
s10458-026-09748-6.pdf,32,459,False
s10462-022-10299-x.pdf,34,405,False
s10462-025-11260-4.pdf,23,97,False
s10506-024-09401-1.pdf,44,147,False
s10791-022-09413-y.pdf,28,319,False
s11036-025-02465-6.pdf,19,222,False
s11047-025-10023-y.pdf,14,0,False
s11063-025-11819-w.pdf,20,13,False
s11227-024-06341-0.pdf,36,355,False
s13428-023-02062-z.pdf,39,71,False
s13677-023-00504-9.pdf,12,27,False
s13677-023-00553-0.pdf,17,26,True
s13677-025-00828-8.pdf,25,163,True
s40747-023-01071-x.pdf,12,184,False
s40747-023-01137-w.pdf,12,121,False
s40747-024-01415-1.pdf,20,168,False
s40747-024-01421-3.pdf,16,125,False
s43681-022-00154-8.pdf,23,244,False
s43681-022-00167-3.pdf,15,214,False
